-8.7652	-8.6705	-8.5759	-8.4812	-8.3865	-8.2919	-8.1972	-8.1025	-8.0079	-7.9132	-7.8186	-7.7239	-7.6292	-7.5346	-7.4399	-7.3452	-7.2506	-7.1559	-7.0612	-6.9666	-6.8719	-6.7773	-6.6826	-6.5879	-6.4933	-6.3986	-6.3039	-6.2093	-6.1146	-6.0199	-5.9253	-5.8306	-5.736	-5.6413	-5.5466	-5.452	-5.3573	-5.2626	-5.168	-5.0733	-4.9787	-4.884	-4.7893	-4.6947	-4.6	-4.5053	-4.4107	-4.316	-4.2213	-4.1267	-4.032	-3.9374	-3.8427	-3.748	-3.6534	-3.5587	-3.464	-3.3694	-3.2747	-3.18	-3.0854	-2.9907	-2.8961	-2.8014	-2.7067	-2.6121	-2.5174	-2.4227	-2.3281	-2.2334	-2.1388	-2.0441	-1.9494	-1.8548	-1.7601	-1.6654	-1.5708	-1.4761	-1.3814	-1.2868	-1.1921
-8.6407	-8.5461	-8.4514	-8.3567	-8.2621	-8.1674	-8.0727	-7.9781	-7.8834	-7.7888	-7.6941	-7.5994	-7.5048	-7.4101	-7.3154	-7.2208	-7.1261	-7.0314	-6.9368	-6.8421	-6.7475	-6.6528	-6.5581	-6.4635	-6.3688	-6.2741	-6.1795	-6.0848	-5.9901	-5.8955	-5.8008	-5.7062	-5.6115	-5.5168	-5.4222	-5.3275	-5.2328	-5.1382	-5.0435	-4.9488	-4.8542	-4.7595	-4.6649	-4.5702	-4.4755	-4.3809	-4.2862	-4.1915	-4.0969	-4.0022	-3.9076	-3.8129	-3.7182	-3.6236	-3.5289	-3.4342	-3.3396	-3.2449	-3.1502	-3.0556	-2.9609	-2.8663	-2.7716	-2.6769	-2.5823	-2.4876	-2.3929	-2.2983	-2.2036	-2.1089	-2.0143	-1.9196	-1.825	-1.7303	-1.6356	-1.541	-1.4463	-1.3516	-1.257	-1.1623	-1.0677
-8.5163	-8.4216	-8.3269	-8.2323	-8.1376	-8.0429	-7.9483	-7.8536	-7.7589	-7.6643	-7.5696	-7.475	-7.3803	-7.2856	-7.191	-7.0963	-7.0016	-6.907	-6.8123	-6.7177	-6.623	-6.5283	-6.4337	-6.339	-6.2443	-6.1497	-6.055	-5.9603	-5.8657	-5.771	-5.6764	-5.5817	-5.487	-5.3924	-5.2977	-5.203	-5.1084	-5.0137	-4.919	-4.8244	-4.7297	-4.6351	-4.5404	-4.4457	-4.3511	-4.2564	-4.1617	-4.0671	-3.9724	-3.8777	-3.7831	-3.6884	-3.5938	-3.4991	-3.4044	-3.3098	-3.2151	-3.1204	-3.0258	-2.9311	-2.8365	-2.7418	-2.6471	-2.5525	-2.4578	-2.3631	-2.2685	-2.1738	-2.0791	-1.9845	-1.8898	-1.7952	-1.7005	-1.6058	-1.5112	-1.4165	-1.3218	-1.2272	-1.1325	-1.0378	-0.94319
-8.3918	-8.2971	-8.2025	-8.1078	-8.0131	-7.9185	-7.8238	-7.7291	-7.6345	-7.5398	-7.4452	-7.3505	-7.2558	-7.1612	-7.0665	-6.9718	-6.8772	-6.7825	-6.6878	-6.5932	-6.4985	-6.4039	-6.3092	-6.2145	-6.1199	-6.0252	-5.9305	-5.8359	-5.7412	-5.6466	-5.5519	-5.4572	-5.3626	-5.2679	-5.1732	-5.0786	-4.9839	-4.8892	-4.7946	-4.6999	-4.6053	-4.5106	-4.4159	-4.3213	-4.2266	-4.1319	-4.0373	-3.9426	-3.8479	-3.7533	-3.6586	-3.564	-3.4693	-3.3746	-3.28	-3.1853	-3.0906	-2.996	-2.9013	-2.8066	-2.712	-2.6173	-2.5227	-2.428	-2.3333	-2.2387	-2.144	-2.0493	-1.9547	-1.86	-1.7654	-1.6707	-1.576	-1.4814	-1.3867	-1.292	-1.1974	-1.1027	-1.008	-0.91338	-0.81872
-8.2673	-8.1727	-8.078	-7.9833	-7.8887	-7.794	-7.6993	-7.6047	-7.51	-7.4154	-7.3207	-7.226	-7.1314	-7.0367	-6.942	-6.8474	-6.7527	-6.658	-6.5634	-6.4687	-6.3741	-6.2794	-6.1847	-6.0901	-5.9954	-5.9007	-5.8061	-5.7114	-5.6167	-5.5221	-5.4274	-5.3328	-5.2381	-5.1434	-5.0488	-4.9541	-4.8594	-4.7648	-4.6701	-4.5755	-4.4808	-4.3861	-4.2915	-4.1968	-4.1021	-4.0075	-3.9128	-3.8181	-3.7235	-3.6288	-3.5342	-3.4395	-3.3448	-3.2502	-3.1555	-3.0608	-2.9662	-2.8715	-2.7768	-2.6822	-2.5875	-2.4929	-2.3982	-2.3035	-2.2089	-2.1142	-2.0195	-1.9249	-1.8302	-1.7355	-1.6409	-1.5462	-1.4516	-1.3569	-1.2622	-1.1676	-1.0729	-0.97824	-0.88358	-0.78892	-0.69425
-8.1429	-8.0482	-7.9535	-7.8589	-7.7642	-7.6695	-7.5749	-7.4802	-7.3855	-7.2909	-7.1962	-7.1016	-7.0069	-6.9122	-6.8176	-6.7229	-6.6282	-6.5336	-6.4389	-6.3443	-6.2496	-6.1549	-6.0603	-5.9656	-5.8709	-5.7763	-5.6816	-5.5869	-5.4923	-5.3976	-5.303	-5.2083	-5.1136	-5.019	-4.9243	-4.8296	-4.735	-4.6403	-4.5456	-4.451	-4.3563	-4.2617	-4.167	-4.0723	-3.9777	-3.883	-3.7883	-3.6937	-3.599	-3.5044	-3.4097	-3.315	-3.2204	-3.1257	-3.031	-2.9364	-2.8417	-2.747	-2.6524	-2.5577	-2.4631	-2.3684	-2.2737	-2.1791	-2.0844	-1.9897	-1.8951	-1.8004	-1.7057	-1.6111	-1.5164	-1.4218	-1.3271	-1.2324	-1.1378	-1.0431	-0.94844	-0.85378	-0.75911	-0.66445	-0.56979
-8.0184	-7.9237	-7.8291	-7.7344	-7.6397	-7.5451	-7.4504	-7.3557	-7.2611	-7.1664	-7.0718	-6.9771	-6.8824	-6.7878	-6.6931	-6.5984	-6.5038	-6.4091	-6.3144	-6.2198	-6.1251	-6.0305	-5.9358	-5.8411	-5.7465	-5.6518	-5.5571	-5.4625	-5.3678	-5.2732	-5.1785	-5.0838	-4.9892	-4.8945	-4.7998	-4.7052	-4.6105	-4.5158	-4.4212	-4.3265	-4.2319	-4.1372	-4.0425	-3.9479	-3.8532	-3.7585	-3.6639	-3.5692	-3.4745	-3.3799	-3.2852	-3.1906	-3.0959	-3.0012	-2.9066	-2.8119	-2.7172	-2.6226	-2.5279	-2.4333	-2.3386	-2.2439	-2.1493	-2.0546	-1.9599	-1.8653	-1.7706	-1.6759	-1.5813	-1.4866	-1.392	-1.2973	-1.2026	-1.108	-1.0133	-0.91864	-0.82397	-0.72931	-0.63465	-0.53998	-0.44532
-7.8939	-7.7993	-7.7046	-7.6099	-7.5153	-7.4206	-7.3259	-7.2313	-7.1366	-7.042	-6.9473	-6.8526	-6.758	-6.6633	-6.5686	-6.474	-6.3793	-6.2846	-6.19	-6.0953	-6.0007	-5.906	-5.8113	-5.7167	-5.622	-5.5273	-5.4327	-5.338	-5.2433	-5.1487	-5.054	-4.9594	-4.8647	-4.77	-4.6754	-4.5807	-4.486	-4.3914	-4.2967	-4.2021	-4.1074	-4.0127	-3.9181	-3.8234	-3.7287	-3.6341	-3.5394	-3.4447	-3.3501	-3.2554	-3.1608	-3.0661	-2.9714	-2.8768	-2.7821	-2.6874	-2.5928	-2.4981	-2.4034	-2.3088	-2.2141	-2.1195	-2.0248	-1.9301	-1.8355	-1.7408	-1.6461	-1.5515	-1.4568	-1.3622	-1.2675	-1.1728	-1.0782	-0.9835	-0.88883	-0.79417	-0.69951	-0.60484	-0.51018	-0.41552	-0.32085
-7.7695	-7.6748	-7.5801	-7.4855	-7.3908	-7.2961	-7.2015	-7.1068	-7.0121	-6.9175	-6.8228	-6.7282	-6.6335	-6.5388	-6.4442	-6.3495	-6.2548	-6.1602	-6.0655	-5.9709	-5.8762	-5.7815	-5.6869	-5.5922	-5.4975	-5.4029	-5.3082	-5.2135	-5.1189	-5.0242	-4.9296	-4.8349	-4.7402	-4.6456	-4.5509	-4.4562	-4.3616	-4.2669	-4.1722	-4.0776	-3.9829	-3.8883	-3.7936	-3.6989	-3.6043	-3.5096	-3.4149	-3.3203	-3.2256	-3.131	-3.0363	-2.9416	-2.847	-2.7523	-2.6576	-2.563	-2.4683	-2.3736	-2.279	-2.1843	-2.0897	-1.995	-1.9003	-1.8057	-1.711	-1.6163	-1.5217	-1.427	-1.3323	-1.2377	-1.143	-1.0484	-0.95369	-0.85903	-0.76437	-0.6697	-0.57504	-0.48038	-0.38571	-0.29105	-0.19639
-7.645	-7.5503	-7.4557	-7.361	-7.2663	-7.1717	-7.077	-6.9823	-6.8877	-6.793	-6.6984	-6.6037	-6.509	-6.4144	-6.3197	-6.225	-6.1304	-6.0357	-5.941	-5.8464	-5.7517	-5.6571	-5.5624	-5.4677	-5.3731	-5.2784	-5.1837	-5.0891	-4.9944	-4.8998	-4.8051	-4.7104	-4.6158	-4.5211	-4.4264	-4.3318	-4.2371	-4.1424	-4.0478	-3.9531	-3.8585	-3.7638	-3.6691	-3.5745	-3.4798	-3.3851	-3.2905	-3.1958	-3.1011	-3.0065	-2.9118	-2.8172	-2.7225	-2.6278	-2.5332	-2.4385	-2.3438	-2.2492	-2.1545	-2.0599	-1.9652	-1.8705	-1.7759	-1.6812	-1.5865	-1.4919	-1.3972	-1.3025	-1.2079	-1.1132	-1.0186	-0.92389	-0.82923	-0.73456	-0.6399	-0.54524	-0.45057	-0.35591	-0.26125	-0.16658	-0.071921
-7.5205	-7.4259	-7.3312	-7.2365	-7.1419	-7.0472	-6.9525	-6.8579	-6.7632	-6.6686	-6.5739	-6.4792	-6.3846	-6.2899	-6.1952	-6.1006	-6.0059	-5.9112	-5.8166	-5.7219	-5.6273	-5.5326	-5.4379	-5.3433	-5.2486	-5.1539	-5.0593	-4.9646	-4.8699	-4.7753	-4.6806	-4.586	-4.4913	-4.3966	-4.302	-4.2073	-4.1126	-4.018	-3.9233	-3.8287	-3.734	-3.6393	-3.5447	-3.45	-3.3553	-3.2607	-3.166	-3.0713	-2.9767	-2.882	-2.7874	-2.6927	-2.598	-2.5034	-2.4087	-2.314	-2.2194	-2.1247	-2.03	-1.9354	-1.8407	-1.7461	-1.6514	-1.5567	-1.4621	-1.3674	-1.2727	-1.1781	-1.0834	-0.98875	-0.89409	-0.79943	-0.70476	-0.6101	-0.51544	-0.42077	-0.32611	-0.23144	-0.13678	-0.042118	0.052545
-7.3961	-7.3014	-7.2067	-7.1121	-7.0174	-6.9227	-6.8281	-6.7334	-6.6388	-6.5441	-6.4494	-6.3548	-6.2601	-6.1654	-6.0708	-5.9761	-5.8814	-5.7868	-5.6921	-5.5975	-5.5028	-5.4081	-5.3135	-5.2188	-5.1241	-5.0295	-4.9348	-4.8401	-4.7455	-4.6508	-4.5562	-4.4615	-4.3668	-4.2722	-4.1775	-4.0828	-3.9882	-3.8935	-3.7988	-3.7042	-3.6095	-3.5149	-3.4202	-3.3255	-3.2309	-3.1362	-3.0415	-2.9469	-2.8522	-2.7576	-2.6629	-2.5682	-2.4736	-2.3789	-2.2842	-2.1896	-2.0949	-2.0002	-1.9056	-1.8109	-1.7163	-1.6216	-1.5269	-1.4323	-1.3376	-1.2429	-1.1483	-1.0536	-0.95895	-0.86429	-0.76962	-0.67496	-0.5803	-0.48563	-0.39097	-0.29631	-0.20164	-0.10698	-0.012315	0.082348	0.17701
-7.2716	-7.1769	-7.0823	-6.9876	-6.8929	-6.7983	-6.7036	-6.6089	-6.5143	-6.4196	-6.325	-6.2303	-6.1356	-6.041	-5.9463	-5.8516	-5.757	-5.6623	-5.5677	-5.473	-5.3783	-5.2837	-5.189	-5.0943	-4.9997	-4.905	-4.8103	-4.7157	-4.621	-4.5264	-4.4317	-4.337	-4.2424	-4.1477	-4.053	-3.9584	-3.8637	-3.769	-3.6744	-3.5797	-3.4851	-3.3904	-3.2957	-3.2011	-3.1064	-3.0117	-2.9171	-2.8224	-2.7277	-2.6331	-2.5384	-2.4438	-2.3491	-2.2544	-2.1598	-2.0651	-1.9704	-1.8758	-1.7811	-1.6865	-1.5918	-1.4971	-1.4025	-1.3078	-1.2131	-1.1185	-1.0238	-0.92915	-0.83448	-0.73982	-0.64516	-0.55049	-0.45583	-0.36117	-0.2665	-0.17184	-0.077176	0.017488	0.11215	0.20681	0.30148
-7.1471	-7.0525	-6.9578	-6.8631	-6.7685	-6.6738	-6.5791	-6.4845	-6.3898	-6.2952	-6.2005	-6.1058	-6.0112	-5.9165	-5.8218	-5.7272	-5.6325	-5.5378	-5.4432	-5.3485	-5.2539	-5.1592	-5.0645	-4.9699	-4.8752	-4.7805	-4.6859	-4.5912	-4.4966	-4.4019	-4.3072	-4.2126	-4.1179	-4.0232	-3.9286	-3.8339	-3.7392	-3.6446	-3.5499	-3.4553	-3.3606	-3.2659	-3.1713	-3.0766	-2.9819	-2.8873	-2.7926	-2.6979	-2.6033	-2.5086	-2.414	-2.3193	-2.2246	-2.13	-2.0353	-1.9406	-1.846	-1.7513	-1.6566	-1.562	-1.4673	-1.3727	-1.278	-1.1833	-1.0887	-0.99401	-0.89934	-0.80468	-0.71002	-0.61535	-0.52069	-0.42603	-0.33136	-0.2367	-0.14204	-0.047373	0.047291	0.14195	0.23662	0.33128	0.42594
-7.0227	-6.928	-6.8333	-6.7387	-6.644	-6.5493	-6.4547	-6.36	-6.2654	-6.1707	-6.076	-5.9814	-5.8867	-5.792	-5.6974	-5.6027	-5.508	-5.4134	-5.3187	-5.2241	-5.1294	-5.0347	-4.9401	-4.8454	-4.7507	-4.6561	-4.5614	-4.4667	-4.3721	-4.2774	-4.1828	-4.0881	-3.9934	-3.8988	-3.8041	-3.7094	-3.6148	-3.5201	-3.4255	-3.3308	-3.2361	-3.1415	-3.0468	-2.9521	-2.8575	-2.7628	-2.6681	-2.5735	-2.4788	-2.3842	-2.2895	-2.1948	-2.1002	-2.0055	-1.9108	-1.8162	-1.7215	-1.6268	-1.5322	-1.4375	-1.3429	-1.2482	-1.1535	-1.0589	-0.9642	-0.86954	-0.77488	-0.68021	-0.58555	-0.49089	-0.39622	-0.30156	-0.2069	-0.11223	-0.01757	0.077094	0.17176	0.26642	0.36108	0.45575	0.55041
-6.8982	-6.8035	-6.7089	-6.6142	-6.5195	-6.4249	-6.3302	-6.2355	-6.1409	-6.0462	-5.9516	-5.8569	-5.7622	-5.6676	-5.5729	-5.4782	-5.3836	-5.2889	-5.1943	-5.0996	-5.0049	-4.9103	-4.8156	-4.7209	-4.6263	-4.5316	-4.4369	-4.3423	-4.2476	-4.153	-4.0583	-3.9636	-3.869	-3.7743	-3.6796	-3.585	-3.4903	-3.3956	-3.301	-3.2063	-3.1117	-3.017	-2.9223	-2.8277	-2.733	-2.6383	-2.5437	-2.449	-2.3544	-2.2597	-2.165	-2.0704	-1.9757	-1.881	-1.7864	-1.6917	-1.597	-1.5024	-1.4077	-1.3131	-1.2184	-1.1237	-1.0291	-0.9344	-0.83974	-0.74507	-0.65041	-0.55575	-0.46108	-0.36642	-0.27176	-0.17709	-0.08243	0.012233	0.1069	0.20156	0.29622	0.39089	0.48555	0.58021	0.67488
-6.7737	-6.6791	-6.5844	-6.4897	-6.3951	-6.3004	-6.2057	-6.1111	-6.0164	-5.9218	-5.8271	-5.7324	-5.6378	-5.5431	-5.4484	-5.3538	-5.2591	-5.1644	-5.0698	-4.9751	-4.8805	-4.7858	-4.6911	-4.5965	-4.5018	-4.4071	-4.3125	-4.2178	-4.1232	-4.0285	-3.9338	-3.8392	-3.7445	-3.6498	-3.5552	-3.4605	-3.3658	-3.2712	-3.1765	-3.0819	-2.9872	-2.8925	-2.7979	-2.7032	-2.6085	-2.5139	-2.4192	-2.3245	-2.2299	-2.1352	-2.0406	-1.9459	-1.8512	-1.7566	-1.6619	-1.5672	-1.4726	-1.3779	-1.2833	-1.1886	-1.0939	-0.99926	-0.9046	-0.80993	-0.71527	-0.62061	-0.52594	-0.43128	-0.33662	-0.24195	-0.14729	-0.052627	0.042036	0.1367	0.23136	0.32603	0.42069	0.51535	0.61002	0.70468	0.79934
-6.6493	-6.5546	-6.4599	-6.3653	-6.2706	-6.1759	-6.0813	-5.9866	-5.892	-5.7973	-5.7026	-5.608	-5.5133	-5.4186	-5.324	-5.2293	-5.1346	-5.04	-4.9453	-4.8507	-4.756	-4.6613	-4.5667	-4.472	-4.3773	-4.2827	-4.188	-4.0933	-3.9987	-3.904	-3.8094	-3.7147	-3.62	-3.5254	-3.4307	-3.336	-3.2414	-3.1467	-3.0521	-2.9574	-2.8627	-2.7681	-2.6734	-2.5787	-2.4841	-2.3894	-2.2947	-2.2001	-2.1054	-2.0108	-1.9161	-1.8214	-1.7268	-1.6321	-1.5374	-1.4428	-1.3481	-1.2534	-1.1588	-1.0641	-0.96946	-0.87479	-0.78013	-0.68547	-0.5908	-0.49614	-0.40148	-0.30681	-0.21215	-0.11749	-0.022824	0.071839	0.1665	0.26117	0.35583	0.45049	0.54516	0.63982	0.73448	0.82915	0.92381
-6.5248	-6.4301	-6.3355	-6.2408	-6.1461	-6.0515	-5.9568	-5.8622	-5.7675	-5.6728	-5.5782	-5.4835	-5.3888	-5.2942	-5.1995	-5.1048	-5.0102	-4.9155	-4.8209	-4.7262	-4.6315	-4.5369	-4.4422	-4.3475	-4.2529	-4.1582	-4.0635	-3.9689	-3.8742	-3.7796	-3.6849	-3.5902	-3.4956	-3.4009	-3.3062	-3.2116	-3.1169	-3.0222	-2.9276	-2.8329	-2.7383	-2.6436	-2.5489	-2.4543	-2.3596	-2.2649	-2.1703	-2.0756	-1.981	-1.8863	-1.7916	-1.697	-1.6023	-1.5076	-1.413	-1.3183	-1.2236	-1.129	-1.0343	-0.93966	-0.84499	-0.75033	-0.65566	-0.561	-0.46634	-0.37167	-0.27701	-0.18235	-0.087685	0.0069787	0.10164	0.19631	0.29097	0.38563	0.4803	0.57496	0.66962	0.76429	0.85895	0.95361	1.0483
-6.4003	-6.3057	-6.211	-6.1163	-6.0217	-5.927	-5.8323	-5.7377	-5.643	-5.5484	-5.4537	-5.359	-5.2644	-5.1697	-5.075	-4.9804	-4.8857	-4.7911	-4.6964	-4.6017	-4.5071	-4.4124	-4.3177	-4.2231	-4.1284	-4.0337	-3.9391	-3.8444	-3.7498	-3.6551	-3.5604	-3.4658	-3.3711	-3.2764	-3.1818	-3.0871	-2.9924	-2.8978	-2.8031	-2.7085	-2.6138	-2.5191	-2.4245	-2.3298	-2.2351	-2.1405	-2.0458	-1.9511	-1.8565	-1.7618	-1.6672	-1.5725	-1.4778	-1.3832	-1.2885	-1.1938	-1.0992	-1.0045	-0.90985	-0.81519	-0.72053	-0.62586	-0.5312	-0.43654	-0.34187	-0.24721	-0.15255	-0.057882	0.036782	0.13144	0.22611	0.32077	0.41544	0.5101	0.60476	0.69943	0.79409	0.88875	0.98342	1.0781	1.1727
-6.2759	-6.1812	-6.0865	-5.9919	-5.8972	-5.8025	-5.7079	-5.6132	-5.5186	-5.4239	-5.3292	-5.2346	-5.1399	-5.0452	-4.9506	-4.8559	-4.7612	-4.6666	-4.5719	-4.4773	-4.3826	-4.2879	-4.1933	-4.0986	-4.0039	-3.9093	-3.8146	-3.72	-3.6253	-3.5306	-3.436	-3.3413	-3.2466	-3.152	-3.0573	-2.9626	-2.868	-2.7733	-2.6787	-2.584	-2.4893	-2.3947	-2.3	-2.2053	-2.1107	-2.016	-1.9213	-1.8267	-1.732	-1.6374	-1.5427	-1.448	-1.3534	-1.2587	-1.164	-1.0694	-0.97471	-0.88005	-0.78539	-0.69072	-0.59606	-0.5014	-0.40673	-0.31207	-0.21741	-0.12274	-0.028079	0.066585	0.16125	0.25591	0.35057	0.44524	0.5399	0.63456	0.72923	0.82389	0.91855	1.0132	1.1079	1.2025	1.2972
-6.1514	-6.0567	-5.9621	-5.8674	-5.7727	-5.6781	-5.5834	-5.4888	-5.3941	-5.2994	-5.2048	-5.1101	-5.0154	-4.9208	-4.8261	-4.7314	-4.6368	-4.5421	-4.4475	-4.3528	-4.2581	-4.1635	-4.0688	-3.9741	-3.8795	-3.7848	-3.6901	-3.5955	-3.5008	-3.4062	-3.3115	-3.2168	-3.1222	-3.0275	-2.9328	-2.8382	-2.7435	-2.6489	-2.5542	-2.4595	-2.3649	-2.2702	-2.1755	-2.0809	-1.9862	-1.8915	-1.7969	-1.7022	-1.6076	-1.5129	-1.4182	-1.3236	-1.2289	-1.1342	-1.0396	-0.94491	-0.85025	-0.75558	-0.66092	-0.56626	-0.47159	-0.37693	-0.28227	-0.1876	-0.092939	0.0017241	0.096388	0.19105	0.28571	0.38038	0.47504	0.5697	0.66437	0.75903	0.85369	0.94836	1.043	1.1377	1.2323	1.327	1.4217
-6.0269	-5.9323	-5.8376	-5.7429	-5.6483	-5.5536	-5.4589	-5.3643	-5.2696	-5.175	-5.0803	-4.9856	-4.891	-4.7963	-4.7016	-4.607	-4.5123	-4.4177	-4.323	-4.2283	-4.1337	-4.039	-3.9443	-3.8497	-3.755	-3.6603	-3.5657	-3.471	-3.3764	-3.2817	-3.187	-3.0924	-2.9977	-2.903	-2.8084	-2.7137	-2.619	-2.5244	-2.4297	-2.3351	-2.2404	-2.1457	-2.0511	-1.9564	-1.8617	-1.7671	-1.6724	-1.5778	-1.4831	-1.3884	-1.2938	-1.1991	-1.1044	-1.0098	-0.91511	-0.82044	-0.72578	-0.63112	-0.53645	-0.44179	-0.34713	-0.25246	-0.1578	-0.063136	0.031527	0.12619	0.22085	0.31552	0.41018	0.50484	0.59951	0.69417	0.78883	0.8835	0.97816	1.0728	1.1675	1.2622	1.3568	1.4515	1.5461
-5.9025	-5.8078	-5.7131	-5.6185	-5.5238	-5.4291	-5.3345	-5.2398	-5.1452	-5.0505	-4.9558	-4.8612	-4.7665	-4.6718	-4.5772	-4.4825	-4.3878	-4.2932	-4.1985	-4.1039	-4.0092	-3.9145	-3.8199	-3.7252	-3.6305	-3.5359	-3.4412	-3.3466	-3.2519	-3.1572	-3.0626	-2.9679	-2.8732	-2.7786	-2.6839	-2.5892	-2.4946	-2.3999	-2.3053	-2.2106	-2.1159	-2.0213	-1.9266	-1.8319	-1.7373	-1.6426	-1.5479	-1.4533	-1.3586	-1.264	-1.1693	-1.0746	-0.97997	-0.8853	-0.79064	-0.69598	-0.60131	-0.50665	-0.41199	-0.31732	-0.22266	-0.128	-0.033333	0.06133	0.15599	0.25066	0.34532	0.43998	0.53465	0.62931	0.72397	0.81864	0.9133	1.008	1.1026	1.1973	1.292	1.3866	1.4813	1.5759	1.6706
-5.778	-5.6833	-5.5887	-5.494	-5.3993	-5.3047	-5.21	-5.1154	-5.0207	-4.926	-4.8314	-4.7367	-4.642	-4.5474	-4.4527	-4.358	-4.2634	-4.1687	-4.0741	-3.9794	-3.8847	-3.7901	-3.6954	-3.6007	-3.5061	-3.4114	-3.3167	-3.2221	-3.1274	-3.0328	-2.9381	-2.8434	-2.7488	-2.6541	-2.5594	-2.4648	-2.3701	-2.2755	-2.1808	-2.0861	-1.9915	-1.8968	-1.8021	-1.7075	-1.6128	-1.5181	-1.4235	-1.3288	-1.2342	-1.1395	-1.0448	-0.95016	-0.8555	-0.76084	-0.66617	-0.57151	-0.47685	-0.38218	-0.28752	-0.19286	-0.098194	-0.0035304	0.091133	0.1858	0.28046	0.37512	0.46979	0.56445	0.65911	0.75378	0.84844	0.9431	1.0378	1.1324	1.2271	1.3218	1.4164	1.5111	1.6057	1.7004	1.7951
-5.6535	-5.5589	-5.4642	-5.3695	-5.2749	-5.1802	-5.0855	-4.9909	-4.8962	-4.8016	-4.7069	-4.6122	-4.5176	-4.4229	-4.3282	-4.2336	-4.1389	-4.0443	-3.9496	-3.8549	-3.7603	-3.6656	-3.5709	-3.4763	-3.3816	-3.2869	-3.1923	-3.0976	-3.003	-2.9083	-2.8136	-2.719	-2.6243	-2.5296	-2.435	-2.3403	-2.2456	-2.151	-2.0563	-1.9617	-1.867	-1.7723	-1.6777	-1.583	-1.4883	-1.3937	-1.299	-1.2044	-1.1097	-1.015	-0.92036	-0.8257	-0.73103	-0.63637	-0.54171	-0.44704	-0.35238	-0.25772	-0.16305	-0.068391	0.026273	0.12094	0.2156	0.31026	0.40493	0.49959	0.59425	0.68892	0.78358	0.87824	0.97291	1.0676	1.1622	1.2569	1.3516	1.4462	1.5409	1.6355	1.7302	1.8249	1.9195
-5.5291	-5.4344	-5.3397	-5.2451	-5.1504	-5.0557	-4.9611	-4.8664	-4.7718	-4.6771	-4.5824	-4.4878	-4.3931	-4.2984	-4.2038	-4.1091	-4.0144	-3.9198	-3.8251	-3.7305	-3.6358	-3.5411	-3.4465	-3.3518	-3.2571	-3.1625	-3.0678	-2.9732	-2.8785	-2.7838	-2.6892	-2.5945	-2.4998	-2.4052	-2.3105	-2.2158	-2.1212	-2.0265	-1.9319	-1.8372	-1.7425	-1.6479	-1.5532	-1.4585	-1.3639	-1.2692	-1.1745	-1.0799	-0.98522	-0.89056	-0.79589	-0.70123	-0.60657	-0.5119	-0.41724	-0.32258	-0.22791	-0.13325	-0.038588	0.056076	0.15074	0.2454	0.34007	0.43473	0.52939	0.62406	0.71872	0.81338	0.90805	1.0027	1.0974	1.192	1.2867	1.3814	1.476	1.5707	1.6654	1.76	1.8547	1.9493	2.044
-5.4046	-5.3099	-5.2153	-5.1206	-5.0259	-4.9313	-4.8366	-4.742	-4.6473	-4.5526	-4.458	-4.3633	-4.2686	-4.174	-4.0793	-3.9846	-3.89	-3.7953	-3.7007	-3.606	-3.5113	-3.4167	-3.322	-3.2273	-3.1327	-3.038	-2.9433	-2.8487	-2.754	-2.6594	-2.5647	-2.47	-2.3754	-2.2807	-2.186	-2.0914	-1.9967	-1.9021	-1.8074	-1.7127	-1.6181	-1.5234	-1.4287	-1.3341	-1.2394	-1.1447	-1.0501	-0.95542	-0.86076	-0.76609	-0.67143	-0.57677	-0.4821	-0.38744	-0.29277	-0.19811	-0.10345	-0.0087849	0.085878	0.18054	0.27521	0.36987	0.46453	0.5592	0.65386	0.74852	0.84319	0.93785	1.0325	1.1272	1.2218	1.3165	1.4112	1.5058	1.6005	1.6952	1.7898	1.8845	1.9791	2.0738	2.1685
-5.2801	-5.1855	-5.0908	-4.9961	-4.9015	-4.8068	-4.7122	-4.6175	-4.5228	-4.4282	-4.3335	-4.2388	-4.1442	-4.0495	-3.9548	-3.8602	-3.7655	-3.6709	-3.5762	-3.4815	-3.3869	-3.2922	-3.1975	-3.1029	-3.0082	-2.9135	-2.8189	-2.7242	-2.6296	-2.5349	-2.4402	-2.3456	-2.2509	-2.1562	-2.0616	-1.9669	-1.8722	-1.7776	-1.6829	-1.5883	-1.4936	-1.3989	-1.3043	-1.2096	-1.1149	-1.0203	-0.92562	-0.83095	-0.73629	-0.64163	-0.54696	-0.4523	-0.35764	-0.26297	-0.16831	-0.073645	0.021018	0.11568	0.21034	0.30501	0.39967	0.49433	0.589	0.68366	0.77833	0.87299	0.96765	1.0623	1.157	1.2516	1.3463	1.441	1.5356	1.6303	1.725	1.8196	1.9143	2.0089	2.1036	2.1983	2.2929
-5.1557	-5.061	-4.9663	-4.8717	-4.777	-4.6823	-4.5877	-4.493	-4.3984	-4.3037	-4.209	-4.1144	-4.0197	-3.925	-3.8304	-3.7357	-3.6411	-3.5464	-3.4517	-3.3571	-3.2624	-3.1677	-3.0731	-2.9784	-2.8837	-2.7891	-2.6944	-2.5998	-2.5051	-2.4104	-2.3158	-2.2211	-2.1264	-2.0318	-1.9371	-1.8424	-1.7478	-1.6531	-1.5585	-1.4638	-1.3691	-1.2745	-1.1798	-1.0851	-0.99048	-0.89581	-0.80115	-0.70649	-0.61182	-0.51716	-0.4225	-0.32783	-0.23317	-0.13851	-0.043842	0.050821	0.14548	0.24015	0.33481	0.42947	0.52414	0.6188	0.71346	0.80813	0.90279	0.99745	1.0921	1.1868	1.2814	1.3761	1.4708	1.5654	1.6601	1.7548	1.8494	1.9441	2.0388	2.1334	2.2281	2.3227	2.4174
-5.0312	-4.9365	-4.8419	-4.7472	-4.6525	-4.5579	-4.4632	-4.3686	-4.2739	-4.1792	-4.0846	-3.9899	-3.8952	-3.8006	-3.7059	-3.6112	-3.5166	-3.4219	-3.3273	-3.2326	-3.1379	-3.0433	-2.9486	-2.8539	-2.7593	-2.6646	-2.57	-2.4753	-2.3806	-2.286	-2.1913	-2.0966	-2.002	-1.9073	-1.8126	-1.718	-1.6233	-1.5287	-1.434	-1.3393	-1.2447	-1.15	-1.0553	-0.96067	-0.86601	-0.77135	-0.67668	-0.58202	-0.48736	-0.39269	-0.29803	-0.20337	-0.1087	-0.014039	0.080624	0.17529	0.26995	0.36461	0.45928	0.55394	0.6486	0.74327	0.83793	0.93259	1.0273	1.1219	1.2166	1.3112	1.4059	1.5006	1.5952	1.6899	1.7846	1.8792	1.9739	2.0686	2.1632	2.2579	2.3525	2.4472	2.5419
-4.9067	-4.8121	-4.7174	-4.6227	-4.5281	-4.4334	-4.3388	-4.2441	-4.1494	-4.0548	-3.9601	-3.8654	-3.7708	-3.6761	-3.5814	-3.4868	-3.3921	-3.2975	-3.2028	-3.1081	-3.0135	-2.9188	-2.8241	-2.7295	-2.6348	-2.5401	-2.4455	-2.3508	-2.2562	-2.1615	-2.0668	-1.9722	-1.8775	-1.7828	-1.6882	-1.5935	-1.4989	-1.4042	-1.3095	-1.2149	-1.1202	-1.0255	-0.93087	-0.83621	-0.74154	-0.64688	-0.55222	-0.45755	-0.36289	-0.26823	-0.17356	-0.0789	0.015764	0.11043	0.20509	0.29975	0.39442	0.48908	0.58374	0.67841	0.77307	0.86773	0.9624	1.0571	1.1517	1.2464	1.3411	1.4357	1.5304	1.625	1.7197	1.8144	1.909	2.0037	2.0984	2.193	2.2877	2.3823	2.477	2.5717	2.6663
-4.7823	-4.6876	-4.5929	-4.4983	-4.4036	-4.3089	-4.2143	-4.1196	-4.025	-3.9303	-3.8356	-3.741	-3.6463	-3.5516	-3.457	-3.3623	-3.2677	-3.173	-3.0783	-2.9837	-2.889	-2.7943	-2.6997	-2.605	-2.5103	-2.4157	-2.321	-2.2264	-2.1317	-2.037	-1.9424	-1.8477	-1.753	-1.6584	-1.5637	-1.469	-1.3744	-1.2797	-1.1851	-1.0904	-0.99573	-0.90107	-0.8064	-0.71174	-0.61708	-0.52241	-0.42775	-0.33309	-0.23842	-0.14376	-0.049097	0.045566	0.14023	0.23489	0.32956	0.42422	0.51888	0.61355	0.70821	0.80287	0.89754	0.9922	1.0869	1.1815	1.2762	1.3709	1.4655	1.5602	1.6548	1.7495	1.8442	1.9388	2.0335	2.1282	2.2228	2.3175	2.4122	2.5068	2.6015	2.6961	2.7908
-4.6578	-4.5631	-4.4685	-4.3738	-4.2791	-4.1845	-4.0898	-3.9952	-3.9005	-3.8058	-3.7112	-3.6165	-3.5218	-3.4272	-3.3325	-3.2378	-3.1432	-3.0485	-2.9539	-2.8592	-2.7645	-2.6699	-2.5752	-2.4805	-2.3859	-2.2912	-2.1966	-2.1019	-2.0072	-1.9126	-1.8179	-1.7232	-1.6286	-1.5339	-1.4392	-1.3446	-1.2499	-1.1553	-1.0606	-0.96593	-0.87126	-0.7766	-0.68194	-0.58727	-0.49261	-0.39795	-0.30328	-0.20862	-0.11396	-0.019294	0.075369	0.17003	0.2647	0.35936	0.45402	0.54869	0.64335	0.73801	0.83268	0.92734	1.022	1.1167	1.2113	1.306	1.4007	1.4953	1.59	1.6846	1.7793	1.874	1.9686	2.0633	2.158	2.2526	2.3473	2.442	2.5366	2.6313	2.7259	2.8206	2.9153
-4.5333	-4.4387	-4.344	-4.2493	-4.1547	-4.06	-3.9654	-3.8707	-3.776	-3.6814	-3.5867	-3.492	-3.3974	-3.3027	-3.208	-3.1134	-3.0187	-2.9241	-2.8294	-2.7347	-2.6401	-2.5454	-2.4507	-2.3561	-2.2614	-2.1667	-2.0721	-1.9774	-1.8828	-1.7881	-1.6934	-1.5988	-1.5041	-1.4094	-1.3148	-1.2201	-1.1255	-1.0308	-0.93612	-0.84146	-0.7468	-0.65213	-0.55747	-0.46281	-0.36814	-0.27348	-0.17882	-0.084154	0.010509	0.10517	0.19984	0.2945	0.38916	0.48383	0.57849	0.67315	0.76782	0.86248	0.95714	1.0518	1.1465	1.2411	1.3358	1.4305	1.5251	1.6198	1.7144	1.8091	1.9038	1.9984	2.0931	2.1878	2.2824	2.3771	2.4718	2.5664	2.6611	2.7557	2.8504	2.9451	3.0397
-4.4089	-4.3142	-4.2195	-4.1249	-4.0302	-3.9355	-3.8409	-3.7462	-3.6516	-3.5569	-3.4622	-3.3676	-3.2729	-3.1782	-3.0836	-2.9889	-2.8943	-2.7996	-2.7049	-2.6103	-2.5156	-2.4209	-2.3263	-2.2316	-2.1369	-2.0423	-1.9476	-1.853	-1.7583	-1.6636	-1.569	-1.4743	-1.3796	-1.285	-1.1903	-1.0956	-1.001	-0.90632	-0.81166	-0.71699	-0.62233	-0.52767	-0.433	-0.33834	-0.24368	-0.14901	-0.054351	0.040312	0.13498	0.22964	0.3243	0.41897	0.51363	0.60829	0.70296	0.79762	0.89228	0.98695	1.0816	1.1763	1.2709	1.3656	1.4603	1.5549	1.6496	1.7443	1.8389	1.9336	2.0282	2.1229	2.2176	2.3122	2.4069	2.5016	2.5962	2.6909	2.7855	2.8802	2.9749	3.0695	3.1642
-4.2844	-4.1897	-4.0951	-4.0004	-3.9057	-3.8111	-3.7164	-3.6218	-3.5271	-3.4324	-3.3378	-3.2431	-3.1484	-3.0538	-2.9591	-2.8644	-2.7698	-2.6751	-2.5805	-2.4858	-2.3911	-2.2965	-2.2018	-2.1071	-2.0125	-1.9178	-1.8232	-1.7285	-1.6338	-1.5392	-1.4445	-1.3498	-1.2552	-1.1605	-1.0658	-0.97118	-0.87652	-0.78186	-0.68719	-0.59253	-0.49787	-0.4032	-0.30854	-0.21388	-0.11921	-0.024548	0.070115	0.16478	0.25944	0.35411	0.44877	0.54343	0.6381	0.73276	0.82742	0.92209	1.0167	1.1114	1.2061	1.3007	1.3954	1.4901	1.5847	1.6794	1.7741	1.8687	1.9634	2.058	2.1527	2.2474	2.342	2.4367	2.5314	2.626	2.7207	2.8154	2.91	3.0047	3.0993	3.194	3.2887
-4.1599	-4.0653	-3.9706	-3.8759	-3.7813	-3.6866	-3.592	-3.4973	-3.4026	-3.308	-3.2133	-3.1186	-3.024	-2.9293	-2.8346	-2.74	-2.6453	-2.5507	-2.456	-2.3613	-2.2667	-2.172	-2.0773	-1.9827	-1.888	-1.7933	-1.6987	-1.604	-1.5094	-1.4147	-1.32	-1.2254	-1.1307	-1.036	-0.94138	-0.84672	-0.75205	-0.65739	-0.56273	-0.46806	-0.3734	-0.27874	-0.18407	-0.089409	0.0052545	0.099918	0.19458	0.28924	0.38391	0.47857	0.57323	0.6679	0.76256	0.85722	0.95189	1.0466	1.1412	1.2359	1.3305	1.4252	1.5199	1.6145	1.7092	1.8039	1.8985	1.9932	2.0878	2.1825	2.2772	2.3718	2.4665	2.5612	2.6558	2.7505	2.8452	2.9398	3.0345	3.1291	3.2238	3.3185	3.4131
-4.0355	-3.9408	-3.8461	-3.7515	-3.6568	-3.5622	-3.4675	-3.3728	-3.2782	-3.1835	-3.0888	-2.9942	-2.8995	-2.8048	-2.7102	-2.6155	-2.5209	-2.4262	-2.3315	-2.2369	-2.1422	-2.0475	-1.9529	-1.8582	-1.7635	-1.6689	-1.5742	-1.4796	-1.3849	-1.2902	-1.1956	-1.1009	-1.0062	-0.91158	-0.81691	-0.72225	-0.62759	-0.53292	-0.43826	-0.3436	-0.24893	-0.15427	-0.059606	0.035057	0.12972	0.22438	0.31905	0.41371	0.50837	0.60304	0.6977	0.79236	0.88703	0.98169	1.0764	1.171	1.2657	1.3603	1.455	1.5497	1.6443	1.739	1.8337	1.9283	2.023	2.1177	2.2123	2.307	2.4016	2.4963	2.591	2.6856	2.7803	2.875	2.9696	3.0643	3.1589	3.2536	3.3483	3.4429	3.5376
-3.911	-3.8163	-3.7217	-3.627	-3.5323	-3.4377	-3.343	-3.2484	-3.1537	-3.059	-2.9644	-2.8697	-2.775	-2.6804	-2.5857	-2.4911	-2.3964	-2.3017	-2.2071	-2.1124	-2.0177	-1.9231	-1.8284	-1.7337	-1.6391	-1.5444	-1.4498	-1.3551	-1.2604	-1.1658	-1.0711	-0.97644	-0.88177	-0.78711	-0.69245	-0.59778	-0.50312	-0.40846	-0.31379	-0.21913	-0.12447	-0.029803	0.06486	0.15952	0.25419	0.34885	0.44351	0.53818	0.63284	0.7275	0.82217	0.91683	1.0115	1.1062	1.2008	1.2955	1.3901	1.4848	1.5795	1.6741	1.7688	1.8635	1.9581	2.0528	2.1475	2.2421	2.3368	2.4314	2.5261	2.6208	2.7154	2.8101	2.9048	2.9994	3.0941	3.1888	3.2834	3.3781	3.4727	3.5674	3.6621
-3.7865	-3.6919	-3.5972	-3.5025	-3.4079	-3.3132	-3.2186	-3.1239	-3.0292	-2.9346	-2.8399	-2.7452	-2.6506	-2.5559	-2.4612	-2.3666	-2.2719	-2.1773	-2.0826	-1.9879	-1.8933	-1.7986	-1.7039	-1.6093	-1.5146	-1.42	-1.3253	-1.2306	-1.136	-1.0413	-0.94663	-0.85197	-0.75731	-0.66264	-0.56798	-0.47332	-0.37865	-0.28399	-0.18933	-0.094663	0	0.094663	0.18933	0.28399	0.37865	0.47332	0.56798	0.66264	0.75731	0.85197	0.94663	1.0413	1.136	1.2306	1.3253	1.42	1.5146	1.6093	1.7039	1.7986	1.8933	1.9879	2.0826	2.1773	2.2719	2.3666	2.4612	2.5559	2.6506	2.7452	2.8399	2.9346	3.0292	3.1239	3.2186	3.3132	3.4079	3.5025	3.5972	3.6919	3.7865
-3.6621	-3.5674	-3.4727	-3.3781	-3.2834	-3.1888	-3.0941	-2.9994	-2.9048	-2.8101	-2.7154	-2.6208	-2.5261	-2.4314	-2.3368	-2.2421	-2.1475	-2.0528	-1.9581	-1.8635	-1.7688	-1.6741	-1.5795	-1.4848	-1.3901	-1.2955	-1.2008	-1.1062	-1.0115	-0.91683	-0.82217	-0.7275	-0.63284	-0.53818	-0.44351	-0.34885	-0.25419	-0.15952	-0.06486	0.029803	0.12447	0.21913	0.31379	0.40846	0.50312	0.59778	0.69245	0.78711	0.88177	0.97644	1.0711	1.1658	1.2604	1.3551	1.4498	1.5444	1.6391	1.7337	1.8284	1.9231	2.0177	2.1124	2.2071	2.3017	2.3964	2.4911	2.5857	2.6804	2.775	2.8697	2.9644	3.059	3.1537	3.2484	3.343	3.4377	3.5323	3.627	3.7217	3.8163	3.911
-3.5376	-3.4429	-3.3483	-3.2536	-3.1589	-3.0643	-2.9696	-2.875	-2.7803	-2.6856	-2.591	-2.4963	-2.4016	-2.307	-2.2123	-2.1177	-2.023	-1.9283	-1.8337	-1.739	-1.6443	-1.5497	-1.455	-1.3603	-1.2657	-1.171	-1.0764	-0.98169	-0.88703	-0.79236	-0.6977	-0.60304	-0.50837	-0.41371	-0.31905	-0.22438	-0.12972	-0.035057	0.059606	0.15427	0.24893	0.3436	0.43826	0.53292	0.62759	0.72225	0.81691	0.91158	1.0062	1.1009	1.1956	1.2902	1.3849	1.4796	1.5742	1.6689	1.7635	1.8582	1.9529	2.0475	2.1422	2.2369	2.3315	2.4262	2.5209	2.6155	2.7102	2.8048	2.8995	2.9942	3.0888	3.1835	3.2782	3.3728	3.4675	3.5622	3.6568	3.7515	3.8461	3.9408	4.0355
-3.4131	-3.3185	-3.2238	-3.1291	-3.0345	-2.9398	-2.8452	-2.7505	-2.6558	-2.5612	-2.4665	-2.3718	-2.2772	-2.1825	-2.0878	-1.9932	-1.8985	-1.8039	-1.7092	-1.6145	-1.5199	-1.4252	-1.3305	-1.2359	-1.1412	-1.0466	-0.95189	-0.85722	-0.76256	-0.6679	-0.57323	-0.47857	-0.38391	-0.28924	-0.19458	-0.099918	-0.0052545	0.089409	0.18407	0.27874	0.3734	0.46806	0.56273	0.65739	0.75205	0.84672	0.94138	1.036	1.1307	1.2254	1.32	1.4147	1.5094	1.604	1.6987	1.7933	1.888	1.9827	2.0773	2.172	2.2667	2.3613	2.456	2.5507	2.6453	2.74	2.8346	2.9293	3.024	3.1186	3.2133	3.308	3.4026	3.4973	3.592	3.6866	3.7813	3.8759	3.9706	4.0653	4.1599
-3.2887	-3.194	-3.0993	-3.0047	-2.91	-2.8154	-2.7207	-2.626	-2.5314	-2.4367	-2.342	-2.2474	-2.1527	-2.058	-1.9634	-1.8687	-1.7741	-1.6794	-1.5847	-1.4901	-1.3954	-1.3007	-1.2061	-1.1114	-1.0167	-0.92209	-0.82742	-0.73276	-0.6381	-0.54343	-0.44877	-0.35411	-0.25944	-0.16478	-0.070115	0.024548	0.11921	0.21388	0.30854	0.4032	0.49787	0.59253	0.68719	0.78186	0.87652	0.97118	1.0658	1.1605	1.2552	1.3498	1.4445	1.5392	1.6338	1.7285	1.8232	1.9178	2.0125	2.1071	2.2018	2.2965	2.3911	2.4858	2.5805	2.6751	2.7698	2.8644	2.9591	3.0538	3.1484	3.2431	3.3378	3.4324	3.5271	3.6218	3.7164	3.8111	3.9057	4.0004	4.0951	4.1897	4.2844
-3.1642	-3.0695	-2.9749	-2.8802	-2.7855	-2.6909	-2.5962	-2.5016	-2.4069	-2.3122	-2.2176	-2.1229	-2.0282	-1.9336	-1.8389	-1.7443	-1.6496	-1.5549	-1.4603	-1.3656	-1.2709	-1.1763	-1.0816	-0.98695	-0.89228	-0.79762	-0.70296	-0.60829	-0.51363	-0.41897	-0.3243	-0.22964	-0.13498	-0.040312	0.054351	0.14901	0.24368	0.33834	0.433	0.52767	0.62233	0.71699	0.81166	0.90632	1.001	1.0956	1.1903	1.285	1.3796	1.4743	1.569	1.6636	1.7583	1.853	1.9476	2.0423	2.1369	2.2316	2.3263	2.4209	2.5156	2.6103	2.7049	2.7996	2.8943	2.9889	3.0836	3.1782	3.2729	3.3676	3.4622	3.5569	3.6516	3.7462	3.8409	3.9355	4.0302	4.1249	4.2195	4.3142	4.4089
-3.0397	-2.9451	-2.8504	-2.7557	-2.6611	-2.5664	-2.4718	-2.3771	-2.2824	-2.1878	-2.0931	-1.9984	-1.9038	-1.8091	-1.7144	-1.6198	-1.5251	-1.4305	-1.3358	-1.2411	-1.1465	-1.0518	-0.95714	-0.86248	-0.76782	-0.67315	-0.57849	-0.48383	-0.38916	-0.2945	-0.19984	-0.10517	-0.010509	0.084154	0.17882	0.27348	0.36814	0.46281	0.55747	0.65213	0.7468	0.84146	0.93612	1.0308	1.1255	1.2201	1.3148	1.4094	1.5041	1.5988	1.6934	1.7881	1.8828	1.9774	2.0721	2.1667	2.2614	2.3561	2.4507	2.5454	2.6401	2.7347	2.8294	2.9241	3.0187	3.1134	3.208	3.3027	3.3974	3.492	3.5867	3.6814	3.776	3.8707	3.9654	4.06	4.1547	4.2493	4.344	4.4387	4.5333
-2.9153	-2.8206	-2.7259	-2.6313	-2.5366	-2.442	-2.3473	-2.2526	-2.158	-2.0633	-1.9686	-1.874	-1.7793	-1.6846	-1.59	-1.4953	-1.4007	-1.306	-1.2113	-1.1167	-1.022	-0.92734	-0.83268	-0.73801	-0.64335	-0.54869	-0.45402	-0.35936	-0.2647	-0.17003	-0.075369	0.019294	0.11396	0.20862	0.30328	0.39795	0.49261	0.58727	0.68194	0.7766	0.87126	0.96593	1.0606	1.1553	1.2499	1.3446	1.4392	1.5339	1.6286	1.7232	1.8179	1.9126	2.0072	2.1019	2.1966	2.2912	2.3859	2.4805	2.5752	2.6699	2.7645	2.8592	2.9539	3.0485	3.1432	3.2378	3.3325	3.4272	3.5218	3.6165	3.7112	3.8058	3.9005	3.9952	4.0898	4.1845	4.2791	4.3738	4.4685	4.5631	4.6578
-2.7908	-2.6961	-2.6015	-2.5068	-2.4122	-2.3175	-2.2228	-2.1282	-2.0335	-1.9388	-1.8442	-1.7495	-1.6548	-1.5602	-1.4655	-1.3709	-1.2762	-1.1815	-1.0869	-0.9922	-0.89754	-0.80287	-0.70821	-0.61355	-0.51888	-0.42422	-0.32956	-0.23489	-0.14023	-0.045566	0.049097	0.14376	0.23842	0.33309	0.42775	0.52241	0.61708	0.71174	0.8064	0.90107	0.99573	1.0904	1.1851	1.2797	1.3744	1.469	1.5637	1.6584	1.753	1.8477	1.9424	2.037	2.1317	2.2264	2.321	2.4157	2.5103	2.605	2.6997	2.7943	2.889	2.9837	3.0783	3.173	3.2677	3.3623	3.457	3.5516	3.6463	3.741	3.8356	3.9303	4.025	4.1196	4.2143	4.3089	4.4036	4.4983	4.5929	4.6876	4.7823
-2.6663	-2.5717	-2.477	-2.3823	-2.2877	-2.193	-2.0984	-2.0037	-1.909	-1.8144	-1.7197	-1.625	-1.5304	-1.4357	-1.3411	-1.2464	-1.1517	-1.0571	-0.9624	-0.86773	-0.77307	-0.67841	-0.58374	-0.48908	-0.39442	-0.29975	-0.20509	-0.11043	-0.015764	0.0789	0.17356	0.26823	0.36289	0.45755	0.55222	0.64688	0.74154	0.83621	0.93087	1.0255	1.1202	1.2149	1.3095	1.4042	1.4989	1.5935	1.6882	1.7828	1.8775	1.9722	2.0668	2.1615	2.2562	2.3508	2.4455	2.5401	2.6348	2.7295	2.8241	2.9188	3.0135	3.1081	3.2028	3.2975	3.3921	3.4868	3.5814	3.6761	3.7708	3.8654	3.9601	4.0548	4.1494	4.2441	4.3388	4.4334	4.5281	4.6227	4.7174	4.8121	4.9067
-2.5419	-2.4472	-2.3525	-2.2579	-2.1632	-2.0686	-1.9739	-1.8792	-1.7846	-1.6899	-1.5952	-1.5006	-1.4059	-1.3112	-1.2166	-1.1219	-1.0273	-0.93259	-0.83793	-0.74327	-0.6486	-0.55394	-0.45928	-0.36461	-0.26995	-0.17529	-0.080624	0.014039	0.1087	0.20337	0.29803	0.39269	0.48736	0.58202	0.67668	0.77135	0.86601	0.96067	1.0553	1.15	1.2447	1.3393	1.434	1.5287	1.6233	1.718	1.8126	1.9073	2.002	2.0966	2.1913	2.286	2.3806	2.4753	2.57	2.6646	2.7593	2.8539	2.9486	3.0433	3.1379	3.2326	3.3273	3.4219	3.5166	3.6112	3.7059	3.8006	3.8952	3.9899	4.0846	4.1792	4.2739	4.3686	4.4632	4.5579	4.6525	4.7472	4.8419	4.9365	5.0312
-2.4174	-2.3227	-2.2281	-2.1334	-2.0388	-1.9441	-1.8494	-1.7548	-1.6601	-1.5654	-1.4708	-1.3761	-1.2814	-1.1868	-1.0921	-0.99745	-0.90279	-0.80813	-0.71346	-0.6188	-0.52414	-0.42947	-0.33481	-0.24015	-0.14548	-0.050821	0.043842	0.13851	0.23317	0.32783	0.4225	0.51716	0.61182	0.70649	0.80115	0.89581	0.99048	1.0851	1.1798	1.2745	1.3691	1.4638	1.5585	1.6531	1.7478	1.8424	1.9371	2.0318	2.1264	2.2211	2.3158	2.4104	2.5051	2.5998	2.6944	2.7891	2.8837	2.9784	3.0731	3.1677	3.2624	3.3571	3.4517	3.5464	3.6411	3.7357	3.8304	3.925	4.0197	4.1144	4.209	4.3037	4.3984	4.493	4.5877	4.6823	4.777	4.8717	4.9663	5.061	5.1557
-2.2929	-2.1983	-2.1036	-2.0089	-1.9143	-1.8196	-1.725	-1.6303	-1.5356	-1.441	-1.3463	-1.2516	-1.157	-1.0623	-0.96765	-0.87299	-0.77833	-0.68366	-0.589	-0.49433	-0.39967	-0.30501	-0.21034	-0.11568	-0.021018	0.073645	0.16831	0.26297	0.35764	0.4523	0.54696	0.64163	0.73629	0.83095	0.92562	1.0203	1.1149	1.2096	1.3043	1.3989	1.4936	1.5883	1.6829	1.7776	1.8722	1.9669	2.0616	2.1562	2.2509	2.3456	2.4402	2.5349	2.6296	2.7242	2.8189	2.9135	3.0082	3.1029	3.1975	3.2922	3.3869	3.4815	3.5762	3.6709	3.7655	3.8602	3.9548	4.0495	4.1442	4.2388	4.3335	4.4282	4.5228	4.6175	4.7122	4.8068	4.9015	4.9961	5.0908	5.1855	5.2801
-2.1685	-2.0738	-1.9791	-1.8845	-1.7898	-1.6952	-1.6005	-1.5058	-1.4112	-1.3165	-1.2218	-1.1272	-1.0325	-0.93785	-0.84319	-0.74852	-0.65386	-0.5592	-0.46453	-0.36987	-0.27521	-0.18054	-0.085878	0.0087849	0.10345	0.19811	0.29277	0.38744	0.4821	0.57677	0.67143	0.76609	0.86076	0.95542	1.0501	1.1447	1.2394	1.3341	1.4287	1.5234	1.6181	1.7127	1.8074	1.9021	1.9967	2.0914	2.186	2.2807	2.3754	2.47	2.5647	2.6594	2.754	2.8487	2.9433	3.038	3.1327	3.2273	3.322	3.4167	3.5113	3.606	3.7007	3.7953	3.89	3.9846	4.0793	4.174	4.2686	4.3633	4.458	4.5526	4.6473	4.742	4.8366	4.9313	5.0259	5.1206	5.2153	5.3099	5.4046
-2.044	-1.9493	-1.8547	-1.76	-1.6654	-1.5707	-1.476	-1.3814	-1.2867	-1.192	-1.0974	-1.0027	-0.90805	-0.81338	-0.71872	-0.62406	-0.52939	-0.43473	-0.34007	-0.2454	-0.15074	-0.056076	0.038588	0.13325	0.22791	0.32258	0.41724	0.5119	0.60657	0.70123	0.79589	0.89056	0.98522	1.0799	1.1745	1.2692	1.3639	1.4585	1.5532	1.6479	1.7425	1.8372	1.9319	2.0265	2.1212	2.2158	2.3105	2.4052	2.4998	2.5945	2.6892	2.7838	2.8785	2.9732	3.0678	3.1625	3.2571	3.3518	3.4465	3.5411	3.6358	3.7305	3.8251	3.9198	4.0144	4.1091	4.2038	4.2984	4.3931	4.4878	4.5824	4.6771	4.7718	4.8664	4.9611	5.0557	5.1504	5.2451	5.3397	5.4344	5.5291
-1.9195	-1.8249	-1.7302	-1.6355	-1.5409	-1.4462	-1.3516	-1.2569	-1.1622	-1.0676	-0.97291	-0.87824	-0.78358	-0.68892	-0.59425	-0.49959	-0.40493	-0.31026	-0.2156	-0.12094	-0.026273	0.068391	0.16305	0.25772	0.35238	0.44704	0.54171	0.63637	0.73103	0.8257	0.92036	1.015	1.1097	1.2044	1.299	1.3937	1.4883	1.583	1.6777	1.7723	1.867	1.9617	2.0563	2.151	2.2456	2.3403	2.435	2.5296	2.6243	2.719	2.8136	2.9083	3.003	3.0976	3.1923	3.2869	3.3816	3.4763	3.5709	3.6656	3.7603	3.8549	3.9496	4.0443	4.1389	4.2336	4.3282	4.4229	4.5176	4.6122	4.7069	4.8016	4.8962	4.9909	5.0855	5.1802	5.2749	5.3695	5.4642	5.5589	5.6535
-1.7951	-1.7004	-1.6057	-1.5111	-1.4164	-1.3218	-1.2271	-1.1324	-1.0378	-0.9431	-0.84844	-0.75378	-0.65911	-0.56445	-0.46979	-0.37512	-0.28046	-0.1858	-0.091133	0.0035304	0.098194	0.19286	0.28752	0.38218	0.47685	0.57151	0.66617	0.76084	0.8555	0.95016	1.0448	1.1395	1.2342	1.3288	1.4235	1.5181	1.6128	1.7075	1.8021	1.8968	1.9915	2.0861	2.1808	2.2755	2.3701	2.4648	2.5594	2.6541	2.7488	2.8434	2.9381	3.0328	3.1274	3.2221	3.3167	3.4114	3.5061	3.6007	3.6954	3.7901	3.8847	3.9794	4.0741	4.1687	4.2634	4.358	4.4527	4.5474	4.642	4.7367	4.8314	4.926	5.0207	5.1154	5.21	5.3047	5.3993	5.494	5.5887	5.6833	5.778
-1.6706	-1.5759	-1.4813	-1.3866	-1.292	-1.1973	-1.1026	-1.008	-0.9133	-0.81864	-0.72397	-0.62931	-0.53465	-0.43998	-0.34532	-0.25066	-0.15599	-0.06133	0.033333	0.128	0.22266	0.31732	0.41199	0.50665	0.60131	0.69598	0.79064	0.8853	0.97997	1.0746	1.1693	1.264	1.3586	1.4533	1.5479	1.6426	1.7373	1.8319	1.9266	2.0213	2.1159	2.2106	2.3053	2.3999	2.4946	2.5892	2.6839	2.7786	2.8732	2.9679	3.0626	3.1572	3.2519	3.3466	3.4412	3.5359	3.6305	3.7252	3.8199	3.9145	4.0092	4.1039	4.1985	4.2932	4.3878	4.4825	4.5772	4.6718	4.7665	4.8612	4.9558	5.0505	5.1452	5.2398	5.3345	5.4291	5.5238	5.6185	5.7131	5.8078	5.9025
-1.5461	-1.4515	-1.3568	-1.2622	-1.1675	-1.0728	-0.97816	-0.8835	-0.78883	-0.69417	-0.59951	-0.50484	-0.41018	-0.31552	-0.22085	-0.12619	-0.031527	0.063136	0.1578	0.25246	0.34713	0.44179	0.53645	0.63112	0.72578	0.82044	0.91511	1.0098	1.1044	1.1991	1.2938	1.3884	1.4831	1.5778	1.6724	1.7671	1.8617	1.9564	2.0511	2.1457	2.2404	2.3351	2.4297	2.5244	2.619	2.7137	2.8084	2.903	2.9977	3.0924	3.187	3.2817	3.3764	3.471	3.5657	3.6603	3.755	3.8497	3.9443	4.039	4.1337	4.2283	4.323	4.4177	4.5123	4.607	4.7016	4.7963	4.891	4.9856	5.0803	5.175	5.2696	5.3643	5.4589	5.5536	5.6483	5.7429	5.8376	5.9323	6.0269
-1.4217	-1.327	-1.2323	-1.1377	-1.043	-0.94836	-0.85369	-0.75903	-0.66437	-0.5697	-0.47504	-0.38038	-0.28571	-0.19105	-0.096388	-0.0017241	0.092939	0.1876	0.28227	0.37693	0.47159	0.56626	0.66092	0.75558	0.85025	0.94491	1.0396	1.1342	1.2289	1.3236	1.4182	1.5129	1.6076	1.7022	1.7969	1.8915	1.9862	2.0809	2.1755	2.2702	2.3649	2.4595	2.5542	2.6489	2.7435	2.8382	2.9328	3.0275	3.1222	3.2168	3.3115	3.4062	3.5008	3.5955	3.6901	3.7848	3.8795	3.9741	4.0688	4.1635	4.2581	4.3528	4.4475	4.5421	4.6368	4.7314	4.8261	4.9208	5.0154	5.1101	5.2048	5.2994	5.3941	5.4888	5.5834	5.6781	5.7727	5.8674	5.9621	6.0567	6.1514
-1.2972	-1.2025	-1.1079	-1.0132	-0.91855	-0.82389	-0.72923	-0.63456	-0.5399	-0.44524	-0.35057	-0.25591	-0.16125	-0.066585	0.028079	0.12274	0.21741	0.31207	0.40673	0.5014	0.59606	0.69072	0.78539	0.88005	0.97471	1.0694	1.164	1.2587	1.3534	1.448	1.5427	1.6374	1.732	1.8267	1.9213	2.016	2.1107	2.2053	2.3	2.3947	2.4893	2.584	2.6787	2.7733	2.868	2.9626	3.0573	3.152	3.2466	3.3413	3.436	3.5306	3.6253	3.72	3.8146	3.9093	4.0039	4.0986	4.1933	4.2879	4.3826	4.4773	4.5719	4.6666	4.7612	4.8559	4.9506	5.0452	5.1399	5.2346	5.3292	5.4239	5.5186	5.6132	5.7079	5.8025	5.8972	5.9919	6.0865	6.1812	6.2759
-1.1727	-1.0781	-0.98342	-0.88875	-0.79409	-0.69943	-0.60476	-0.5101	-0.41544	-0.32077	-0.22611	-0.13144	-0.036782	0.057882	0.15255	0.24721	0.34187	0.43654	0.5312	0.62586	0.72053	0.81519	0.90985	1.0045	1.0992	1.1938	1.2885	1.3832	1.4778	1.5725	1.6672	1.7618	1.8565	1.9511	2.0458	2.1405	2.2351	2.3298	2.4245	2.5191	2.6138	2.7085	2.8031	2.8978	2.9924	3.0871	3.1818	3.2764	3.3711	3.4658	3.5604	3.6551	3.7498	3.8444	3.9391	4.0337	4.1284	4.2231	4.3177	4.4124	4.5071	4.6017	4.6964	4.7911	4.8857	4.9804	5.075	5.1697	5.2644	5.359	5.4537	5.5484	5.643	5.7377	5.8323	5.927	6.0217	6.1163	6.211	6.3057	6.4003
-1.0483	-0.95361	-0.85895	-0.76429	-0.66962	-0.57496	-0.4803	-0.38563	-0.29097	-0.19631	-0.10164	-0.0069787	0.087685	0.18235	0.27701	0.37167	0.46634	0.561	0.65566	0.75033	0.84499	0.93966	1.0343	1.129	1.2236	1.3183	1.413	1.5076	1.6023	1.697	1.7916	1.8863	1.981	2.0756	2.1703	2.2649	2.3596	2.4543	2.5489	2.6436	2.7383	2.8329	2.9276	3.0222	3.1169	3.2116	3.3062	3.4009	3.4956	3.5902	3.6849	3.7796	3.8742	3.9689	4.0635	4.1582	4.2529	4.3475	4.4422	4.5369	4.6315	4.7262	4.8209	4.9155	5.0102	5.1048	5.1995	5.2942	5.3888	5.4835	5.5782	5.6728	5.7675	5.8622	5.9568	6.0515	6.1461	6.2408	6.3355	6.4301	6.5248
-0.92381	-0.82915	-0.73448	-0.63982	-0.54516	-0.45049	-0.35583	-0.26117	-0.1665	-0.071839	0.022824	0.11749	0.21215	0.30681	0.40148	0.49614	0.5908	0.68547	0.78013	0.87479	0.96946	1.0641	1.1588	1.2534	1.3481	1.4428	1.5374	1.6321	1.7268	1.8214	1.9161	2.0108	2.1054	2.2001	2.2947	2.3894	2.4841	2.5787	2.6734	2.7681	2.8627	2.9574	3.0521	3.1467	3.2414	3.336	3.4307	3.5254	3.62	3.7147	3.8094	3.904	3.9987	4.0933	4.188	4.2827	4.3773	4.472	4.5667	4.6613	4.756	4.8507	4.9453	5.04	5.1346	5.2293	5.324	5.4186	5.5133	5.608	5.7026	5.7973	5.892	5.9866	6.0813	6.1759	6.2706	6.3653	6.4599	6.5546	6.6493
-0.79934	-0.70468	-0.61002	-0.51535	-0.42069	-0.32603	-0.23136	-0.1367	-0.042036	0.052627	0.14729	0.24195	0.33662	0.43128	0.52594	0.62061	0.71527	0.80993	0.9046	0.99926	1.0939	1.1886	1.2833	1.3779	1.4726	1.5672	1.6619	1.7566	1.8512	1.9459	2.0406	2.1352	2.2299	2.3245	2.4192	2.5139	2.6085	2.7032	2.7979	2.8925	2.9872	3.0819	3.1765	3.2712	3.3658	3.4605	3.5552	3.6498	3.7445	3.8392	3.9338	4.0285	4.1232	4.2178	4.3125	4.4071	4.5018	4.5965	4.6911	4.7858	4.8805	4.9751	5.0698	5.1644	5.2591	5.3538	5.4484	5.5431	5.6378	5.7324	5.8271	5.9218	6.0164	6.1111	6.2057	6.3004	6.3951	6.4897	6.5844	6.6791	6.7737
-0.67488	-0.58021	-0.48555	-0.39089	-0.29622	-0.20156	-0.1069	-0.012233	0.08243	0.17709	0.27176	0.36642	0.46108	0.55575	0.65041	0.74507	0.83974	0.9344	1.0291	1.1237	1.2184	1.3131	1.4077	1.5024	1.597	1.6917	1.7864	1.881	1.9757	2.0704	2.165	2.2597	2.3544	2.449	2.5437	2.6383	2.733	2.8277	2.9223	3.017	3.1117	3.2063	3.301	3.3956	3.4903	3.585	3.6796	3.7743	3.869	3.9636	4.0583	4.153	4.2476	4.3423	4.4369	4.5316	4.6263	4.7209	4.8156	4.9103	5.0049	5.0996	5.1943	5.2889	5.3836	5.4782	5.5729	5.6676	5.7622	5.8569	5.9516	6.0462	6.1409	6.2355	6.3302	6.4249	6.5195	6.6142	6.7089	6.8035	6.8982
-0.55041	-0.45575	-0.36108	-0.26642	-0.17176	-0.077094	0.01757	0.11223	0.2069	0.30156	0.39622	0.49089	0.58555	0.68021	0.77488	0.86954	0.9642	1.0589	1.1535	1.2482	1.3429	1.4375	1.5322	1.6268	1.7215	1.8162	1.9108	2.0055	2.1002	2.1948	2.2895	2.3842	2.4788	2.5735	2.6681	2.7628	2.8575	2.9521	3.0468	3.1415	3.2361	3.3308	3.4255	3.5201	3.6148	3.7094	3.8041	3.8988	3.9934	4.0881	4.1828	4.2774	4.3721	4.4667	4.5614	4.6561	4.7507	4.8454	4.9401	5.0347	5.1294	5.2241	5.3187	5.4134	5.508	5.6027	5.6974	5.792	5.8867	5.9814	6.076	6.1707	6.2654	6.36	6.4547	6.5493	6.644	6.7387	6.8333	6.928	7.0227
-0.42594	-0.33128	-0.23662	-0.14195	-0.047291	0.047373	0.14204	0.2367	0.33136	0.42603	0.52069	0.61535	0.71002	0.80468	0.89934	0.99401	1.0887	1.1833	1.278	1.3727	1.4673	1.562	1.6566	1.7513	1.846	1.9406	2.0353	2.13	2.2246	2.3193	2.414	2.5086	2.6033	2.6979	2.7926	2.8873	2.9819	3.0766	3.1713	3.2659	3.3606	3.4553	3.5499	3.6446	3.7392	3.8339	3.9286	4.0232	4.1179	4.2126	4.3072	4.4019	4.4966	4.5912	4.6859	4.7805	4.8752	4.9699	5.0645	5.1592	5.2539	5.3485	5.4432	5.5378	5.6325	5.7272	5.8218	5.9165	6.0112	6.1058	6.2005	6.2952	6.3898	6.4845	6.5791	6.6738	6.7685	6.8631	6.9578	7.0525	7.1471
-0.30148	-0.20681	-0.11215	-0.017488	0.077176	0.17184	0.2665	0.36117	0.45583	0.55049	0.64516	0.73982	0.83448	0.92915	1.0238	1.1185	1.2131	1.3078	1.4025	1.4971	1.5918	1.6865	1.7811	1.8758	1.9704	2.0651	2.1598	2.2544	2.3491	2.4438	2.5384	2.6331	2.7277	2.8224	2.9171	3.0117	3.1064	3.2011	3.2957	3.3904	3.4851	3.5797	3.6744	3.769	3.8637	3.9584	4.053	4.1477	4.2424	4.337	4.4317	4.5264	4.621	4.7157	4.8103	4.905	4.9997	5.0943	5.189	5.2837	5.3783	5.473	5.5677	5.6623	5.757	5.8516	5.9463	6.041	6.1356	6.2303	6.325	6.4196	6.5143	6.6089	6.7036	6.7983	6.8929	6.9876	7.0823	7.1769	7.2716
-0.17701	-0.082348	0.012315	0.10698	0.20164	0.29631	0.39097	0.48563	0.5803	0.67496	0.76962	0.86429	0.95895	1.0536	1.1483	1.2429	1.3376	1.4323	1.5269	1.6216	1.7163	1.8109	1.9056	2.0002	2.0949	2.1896	2.2842	2.3789	2.4736	2.5682	2.6629	2.7576	2.8522	2.9469	3.0415	3.1362	3.2309	3.3255	3.4202	3.5149	3.6095	3.7042	3.7988	3.8935	3.9882	4.0828	4.1775	4.2722	4.3668	4.4615	4.5562	4.6508	4.7455	4.8401	4.9348	5.0295	5.1241	5.2188	5.3135	5.4081	5.5028	5.5975	5.6921	5.7868	5.8814	5.9761	6.0708	6.1654	6.2601	6.3548	6.4494	6.5441	6.6388	6.7334	6.8281	6.9227	7.0174	7.1121	7.2067	7.3014	7.3961
-0.052545	0.042118	0.13678	0.23144	0.32611	0.42077	0.51544	0.6101	0.70476	0.79943	0.89409	0.98875	1.0834	1.1781	1.2727	1.3674	1.4621	1.5567	1.6514	1.7461	1.8407	1.9354	2.03	2.1247	2.2194	2.314	2.4087	2.5034	2.598	2.6927	2.7874	2.882	2.9767	3.0713	3.166	3.2607	3.3553	3.45	3.5447	3.6393	3.734	3.8287	3.9233	4.018	4.1126	4.2073	4.302	4.3966	4.4913	4.586	4.6806	4.7753	4.8699	4.9646	5.0593	5.1539	5.2486	5.3433	5.4379	5.5326	5.6273	5.7219	5.8166	5.9112	6.0059	6.1006	6.1952	6.2899	6.3846	6.4792	6.5739	6.6686	6.7632	6.8579	6.9525	7.0472	7.1419	7.2365	7.3312	7.4259	7.5205
0.071921	0.16658	0.26125	0.35591	0.45057	0.54524	0.6399	0.73456	0.82923	0.92389	1.0186	1.1132	1.2079	1.3025	1.3972	1.4919	1.5865	1.6812	1.7759	1.8705	1.9652	2.0599	2.1545	2.2492	2.3438	2.4385	2.5332	2.6278	2.7225	2.8172	2.9118	3.0065	3.1011	3.1958	3.2905	3.3851	3.4798	3.5745	3.6691	3.7638	3.8585	3.9531	4.0478	4.1424	4.2371	4.3318	4.4264	4.5211	4.6158	4.7104	4.8051	4.8998	4.9944	5.0891	5.1837	5.2784	5.3731	5.4677	5.5624	5.6571	5.7517	5.8464	5.941	6.0357	6.1304	6.225	6.3197	6.4144	6.509	6.6037	6.6984	6.793	6.8877	6.9823	7.077	7.1717	7.2663	7.361	7.4557	7.5503	7.645
0.19639	0.29105	0.38571	0.48038	0.57504	0.6697	0.76437	0.85903	0.95369	1.0484	1.143	1.2377	1.3323	1.427	1.5217	1.6163	1.711	1.8057	1.9003	1.995	2.0897	2.1843	2.279	2.3736	2.4683	2.563	2.6576	2.7523	2.847	2.9416	3.0363	3.131	3.2256	3.3203	3.4149	3.5096	3.6043	3.6989	3.7936	3.8883	3.9829	4.0776	4.1722	4.2669	4.3616	4.4562	4.5509	4.6456	4.7402	4.8349	4.9296	5.0242	5.1189	5.2135	5.3082	5.4029	5.4975	5.5922	5.6869	5.7815	5.8762	5.9709	6.0655	6.1602	6.2548	6.3495	6.4442	6.5388	6.6335	6.7282	6.8228	6.9175	7.0121	7.1068	7.2015	7.2961	7.3908	7.4855	7.5801	7.6748	7.7695
0.32085	0.41552	0.51018	0.60484	0.69951	0.79417	0.88883	0.9835	1.0782	1.1728	1.2675	1.3622	1.4568	1.5515	1.6461	1.7408	1.8355	1.9301	2.0248	2.1195	2.2141	2.3088	2.4034	2.4981	2.5928	2.6874	2.7821	2.8768	2.9714	3.0661	3.1608	3.2554	3.3501	3.4447	3.5394	3.6341	3.7287	3.8234	3.9181	4.0127	4.1074	4.2021	4.2967	4.3914	4.486	4.5807	4.6754	4.77	4.8647	4.9594	5.054	5.1487	5.2433	5.338	5.4327	5.5273	5.622	5.7167	5.8113	5.906	6.0007	6.0953	6.19	6.2846	6.3793	6.474	6.5686	6.6633	6.758	6.8526	6.9473	7.042	7.1366	7.2313	7.3259	7.4206	7.5153	7.6099	7.7046	7.7993	7.8939
0.44532	0.53998	0.63465	0.72931	0.82397	0.91864	1.0133	1.108	1.2026	1.2973	1.392	1.4866	1.5813	1.6759	1.7706	1.8653	1.9599	2.0546	2.1493	2.2439	2.3386	2.4333	2.5279	2.6226	2.7172	2.8119	2.9066	3.0012	3.0959	3.1906	3.2852	3.3799	3.4745	3.5692	3.6639	3.7585	3.8532	3.9479	4.0425	4.1372	4.2319	4.3265	4.4212	4.5158	4.6105	4.7052	4.7998	4.8945	4.9892	5.0838	5.1785	5.2732	5.3678	5.4625	5.5571	5.6518	5.7465	5.8411	5.9358	6.0305	6.1251	6.2198	6.3144	6.4091	6.5038	6.5984	6.6931	6.7878	6.8824	6.9771	7.0718	7.1664	7.2611	7.3557	7.4504	7.5451	7.6397	7.7344	7.8291	7.9237	8.0184
0.56979	0.66445	0.75911	0.85378	0.94844	1.0431	1.1378	1.2324	1.3271	1.4218	1.5164	1.6111	1.7057	1.8004	1.8951	1.9897	2.0844	2.1791	2.2737	2.3684	2.4631	2.5577	2.6524	2.747	2.8417	2.9364	3.031	3.1257	3.2204	3.315	3.4097	3.5044	3.599	3.6937	3.7883	3.883	3.9777	4.0723	4.167	4.2617	4.3563	4.451	4.5456	4.6403	4.735	4.8296	4.9243	5.019	5.1136	5.2083	5.303	5.3976	5.4923	5.5869	5.6816	5.7763	5.8709	5.9656	6.0603	6.1549	6.2496	6.3443	6.4389	6.5336	6.6282	6.7229	6.8176	6.9122	7.0069	7.1016	7.1962	7.2909	7.3855	7.4802	7.5749	7.6695	7.7642	7.8589	7.9535	8.0482	8.1429
0.69425	0.78892	0.88358	0.97824	1.0729	1.1676	1.2622	1.3569	1.4516	1.5462	1.6409	1.7355	1.8302	1.9249	2.0195	2.1142	2.2089	2.3035	2.3982	2.4929	2.5875	2.6822	2.7768	2.8715	2.9662	3.0608	3.1555	3.2502	3.3448	3.4395	3.5342	3.6288	3.7235	3.8181	3.9128	4.0075	4.1021	4.1968	4.2915	4.3861	4.4808	4.5755	4.6701	4.7648	4.8594	4.9541	5.0488	5.1434	5.2381	5.3328	5.4274	5.5221	5.6167	5.7114	5.8061	5.9007	5.9954	6.0901	6.1847	6.2794	6.3741	6.4687	6.5634	6.658	6.7527	6.8474	6.942	7.0367	7.1314	7.226	7.3207	7.4154	7.51	7.6047	7.6993	7.794	7.8887	7.9833	8.078	8.1727	8.2673
0.81872	0.91338	1.008	1.1027	1.1974	1.292	1.3867	1.4814	1.576	1.6707	1.7654	1.86	1.9547	2.0493	2.144	2.2387	2.3333	2.428	2.5227	2.6173	2.712	2.8066	2.9013	2.996	3.0906	3.1853	3.28	3.3746	3.4693	3.564	3.6586	3.7533	3.8479	3.9426	4.0373	4.1319	4.2266	4.3213	4.4159	4.5106	4.6053	4.6999	4.7946	4.8892	4.9839	5.0786	5.1732	5.2679	5.3626	5.4572	5.5519	5.6466	5.7412	5.8359	5.9305	6.0252	6.1199	6.2145	6.3092	6.4039	6.4985	6.5932	6.6878	6.7825	6.8772	6.9718	7.0665	7.1612	7.2558	7.3505	7.4452	7.5398	7.6345	7.7291	7.8238	7.9185	8.0131	8.1078	8.2025	8.2971	8.3918
0.94319	1.0378	1.1325	1.2272	1.3218	1.4165	1.5112	1.6058	1.7005	1.7952	1.8898	1.9845	2.0791	2.1738	2.2685	2.3631	2.4578	2.5525	2.6471	2.7418	2.8365	2.9311	3.0258	3.1204	3.2151	3.3098	3.4044	3.4991	3.5938	3.6884	3.7831	3.8777	3.9724	4.0671	4.1617	4.2564	4.3511	4.4457	4.5404	4.6351	4.7297	4.8244	4.919	5.0137	5.1084	5.203	5.2977	5.3924	5.487	5.5817	5.6764	5.771	5.8657	5.9603	6.055	6.1497	6.2443	6.339	6.4337	6.5283	6.623	6.7177	6.8123	6.907	7.0016	7.0963	7.191	7.2856	7.3803	7.475	7.5696	7.6643	7.7589	7.8536	7.9483	8.0429	8.1376	8.2323	8.3269	8.4216	8.5163
1.0677	1.1623	1.257	1.3516	1.4463	1.541	1.6356	1.7303	1.825	1.9196	2.0143	2.1089	2.2036	2.2983	2.3929	2.4876	2.5823	2.6769	2.7716	2.8663	2.9609	3.0556	3.1502	3.2449	3.3396	3.4342	3.5289	3.6236	3.7182	3.8129	3.9076	4.0022	4.0969	4.1915	4.2862	4.3809	4.4755	4.5702	4.6649	4.7595	4.8542	4.9488	5.0435	5.1382	5.2328	5.3275	5.4222	5.5168	5.6115	5.7062	5.8008	5.8955	5.9901	6.0848	6.1795	6.2741	6.3688	6.4635	6.5581	6.6528	6.7475	6.8421	6.9368	7.0314	7.1261	7.2208	7.3154	7.4101	7.5048	7.5994	7.6941	7.7888	7.8834	7.9781	8.0727	8.1674	8.2621	8.3567	8.4514	8.5461	8.6407
1.1921	1.2868	1.3814	1.4761	1.5708	1.6654	1.7601	1.8548	1.9494	2.0441	2.1388	2.2334	2.3281	2.4227	2.5174	2.6121	2.7067	2.8014	2.8961	2.9907	3.0854	3.18	3.2747	3.3694	3.464	3.5587	3.6534	3.748	3.8427	3.9374	4.032	4.1267	4.2213	4.316	4.4107	4.5053	4.6	4.6947	4.7893	4.884	4.9787	5.0733	5.168	5.2626	5.3573	5.452	5.5466	5.6413	5.736	5.8306	5.9253	6.0199	6.1146	6.2093	6.3039	6.3986	6.4933	6.5879	6.6826	6.7773	6.8719	6.9666	7.0612	7.1559	7.2506	7.3452	7.4399	7.5346	7.6292	7.7239	7.8186	7.9132	8.0079	8.1025	8.1972	8.2919	8.3865	8.4812	8.5759	8.6705	8.7652
